time,CO2 conc outlet,,,,,,,,,,,,
1,0.037,,,,,,,,,,,,
2,0.037,,,,,,,,,,,,
3,0.037,,,,,,,,,,Capacity,62.34,mgCO2/g adsorbent
4,0.037,,,,,,,,,,,,
5,0.037,,,,,,,,,,,,
6,0.037,,,,,,,,,,,,
7,0.037,,,,,,,,,,,,
8,0.037,,,,,,,,,,,,
9,0.037,,,,,,,,,,,,
10,0.037,,,,,,,,,,,,
11,0.037,,,,,,,,,,,,
12,0.037,,,,,,,,,,,,
13,0.037,,,,,,,,,,,,
14,0.045,,,,,,,,,,,,
15,0.045,,,,,,,,,,,,
16,0.045,,,,,,,,,,,,
17,0.045,,,,,,,,,,,,
18,0.045,,,,,,,,,,,,
19,0.045,,,,,,,,,,,,
20,0.045,,,,,,,,,,,,
21,0.045,,,,,,,,,,,,
22,0.045,,,,,,,,,,,,
23,0.045,,,,,,,,,,,,
24,0.045,,,,,,,,,,,,
25,0.045,,,,,,,,,,,,
26,0.045,,,,,,,,,,,,
27,0.045,,,,,,,,,,,,
28,0.045,,,,,,,,,,,,
29,0.043,,,,,,,,,,,,
30,0.043,,,,,,,,,,,,
31,0.043,,,,,,,,,,,,
32,0.043,,,,,,,,,,,,
33,0.043,,,,,,,,,,,,
34,0.043,,,,,,,,,,,,
35,0.043,,,,,,,,,,,,
36,0.043,,,,,,,,,,,,
37,0.043,,,,,,,,,,,,
38,0.043,,,,,,,,,,,,
39,0.043,,,,,,,,,,,,
40,0.043,,,,,,,,,,,,
41,0.043,,,,,,,,,,,,
42,0.043,,,,,,,,,,,,
43,0.043,,,,,,,,,,,,
44,0.034,,,,,,,,,,,,
45,0.034,,,,,,,,,,,,
46,0.034,,,,,,,,,,,,
47,0.034,,,,,,,,,,,,
48,0.034,,,,,,,,,,,,
49,0.034,,,,,,,,,,,,
50,0.034,,,,,,,,,,,,
51,0.034,,,,,,,,,,,,
52,0.034,,,,,,,,,,,,
53,0.034,,,,,,,,,,,,
54,0.034,,,,,,,,,,,,
55,0.034,,,,,,,,,,,,
56,0.034,,,,,,,,,,,,
57,0.034,,,,,,,,,,,,
58,0.034,,,,,,,,,,,,
59,0.034,,,,,,,,,,,,
60,0.034,,,,,,,,,,,,
61,0.034,,,,,,,,,,,,
62,0.034,,,,,,,,,,,,
63,0.034,,,,,,,,,,,,
64,0.034,,,,,,,,,,,,
65,0.034,,,,,,,,,,,,
66,0.034,,,,,,,,,,,,
67,0.034,,,,,,,,,,,,
68,0.034,,,,,,,,,,,,
69,0.034,,,,,,,,,,,,
70,0.034,,,,,,,,,,,,
71,0.034,,,,,,,,,,,,
72,0.034,,,,,,,,,,,,
73,0.034,,,,,,,,,,,,
74,0.038,,,,,,,,,,,,
75,0.038,,,,,,,,,,,,
76,0.038,,,,,,,,,,,,
77,0.038,,,,,,,,,,,,
78,0.038,,,,,,,,,,,,
79,0.038,,,,,,,,,,,,
80,0.038,,,,,,,,,,,,
81,0.038,,,,,,,,,,,,
82,0.038,,,,,,,,,,,,
83,0.038,,,,,,,,,,,,
84,0.038,,,,,,,,,,,,
85,0.038,,,,,,,,,,,,
86,0.038,,,,,,,,,,,,
87,0.038,,,,,,,,,,,,
88,0.038,,,,,,,,,,,,
89,0.028,,,,,,,,,,,,
90,0.028,,,,,,,,,,,,
91,0.028,,,,,,,,,,,,
92,0.028,,,,,,,,,,,,
93,0.028,,,,,,,,,,,,
94,0.028,,,,,,,,,,,,
95,0.028,,,,,,,,,,,,
96,0.028,,,,,,,,,,,,
97,0.028,,,,,,,,,,,,
98,0.028,,,,,,,,,,,,
99,0.028,,,,,,,,,,,,
100,0.028,,,,,,,,,,,,
101,0.028,,,,,,,,,,,,
102,0.028,,,,,,,,,,,,
103,0.028,,,,,,,,,,,,
104,0.034,,,,,,,,,,,,
105,0.034,,,,,,,,,,,,
106,0.034,,,,,,,,,,,,
107,0.034,,,,,,,,,,,,
108,0.034,,,,,,,,,,,,
109,0.034,,,,,,,,,,,,
110,0.034,,,,,,,,,,,,
111,0.034,,,,,,,,,,,,
112,0.034,,,,,,,,,,,,
113,0.034,,,,,,,,,,,,
114,0.034,,,,,,,,,,,,
115,0.034,,,,,,,,,,,,
116,0.034,,,,,,,,,,,,
117,0.034,,,,,,,,,,,,
118,0.034,,,,,,,,,,,,
119,0.023,,,,,,,,,,,,
120,0.023,,,,,,,,,,,,
121,0.023,,,,,,,,,,,,
122,0.023,,,,,,,,,,,,
123,0.023,,,,,,,,,,,,
124,0.023,,,,,,,,,,,,
125,0.023,,,,,,,,,,,,
126,0.023,,,,,,,,,,,,
127,0.023,,,,,,,,,,,,
128,0.023,,,,,,,,,,,,
129,0.023,,,,,,,,,,,,
130,0.023,,,,,,,,,,,,
131,0.023,,,,,,,,,,,,
132,0.023,,,,,,,,,,,,
133,0.023,,,,,,,,,,,,
134,0.028,,,,,,,,,,,,
135,0.028,,,,,,,,,,,,
136,0.028,,,,,,,,,,,,
137,0.028,,,,,,,,,,,,
138,0.028,,,,,,,,,,,,
139,0.028,,,,,,,,,,,,
140,0.028,,,,,,,,,,,,
141,0.028,,,,,,,,,,,,
142,0.028,,,,,,,,,,,,
143,0.028,,,,,,,,,,,,
144,0.028,,,,,,,,,,,,
145,0.028,,,,,,,,,,,,
146,0.028,,,,,,,,,,,,
147,0.028,,,,,,,,,,,,
148,0.028,,,,,,,,,,,,
149,0.035,,,,,,,,,,,,
150,0.035,,,,,,,,,,,,
151,0.035,,,,,,,,,,,,
152,0.035,,,,,,,,,,,,
153,0.035,,,,,,,,,,,,
154,0.035,,,,,,,,,,,,
155,0.035,,,,,,,,,,,,
156,0.035,,,,,,,,,,,,
157,0.035,,,,,,,,,,,,
158,0.035,,,,,,,,,,,,
159,0.035,,,,,,,,,,,,
160,0.035,,,,,,,,,,,,
161,0.035,,,,,,,,,,,,
162,0.035,,,,,,,,,,,,
163,0.035,,,,,,,,,,,,
164,0.029,,,,,,,,,,,,
165,0.029,,,,,,,,,,,,
166,0.029,,,,,,,,,,,,
167,0.029,,,,,,,,,,,,
168,0.029,,,,,,,,,,,,
169,0.029,,,,,,,,,,,,
170,0.029,,,,,,,,,,,,
171,0.029,,,,,,,,,,,,
172,0.029,,,,,,,,,,,,
173,0.029,,,,,,,,,,,,
174,0.029,,,,,,,,,,,,
175,0.029,,,,,,,,,,,,
176,0.029,,,,,,,,,,,,
177,0.029,,,,,,,,,,,,
178,0.029,,,,,,,,,,,,
179,0.026,,,,,,,,,,,,
180,0.026,,,,,,,,,,,,
181,0.026,,,,,,,,,,,,
182,0.026,,,,,,,,,,,,
183,0.026,,,,,,,,,,,,
184,0.026,,,,,,,,,,,,
185,0.026,,,,,,,,,,,,
186,0.026,,,,,,,,,,,,
187,0.026,,,,,,,,,,,,
188,0.026,,,,,,,,,,,,
189,0.026,,,,,,,,,,,,
190,0.026,,,,,,,,,,,,
191,0.026,,,,,,,,,,,,
192,0.026,,,,,,,,,,,,
193,0.026,,,,,,,,,,,,
194,0.025,,,,,,,,,,,,
195,0.025,,,,,,,,,,,,
196,0.025,,,,,,,,,,,,
197,0.025,,,,,,,,,,,,
198,0.025,,,,,,,,,,,,
199,0.025,,,,,,,,,,,,
200,0.025,,,,,,,,,,,,
201,0.025,,,,,,,,,,,,
202,0.025,,,,,,,,,,,,
203,0.025,,,,,,,,,,,,
204,0.025,,,,,,,,,,,,
205,0.025,,,,,,,,,,,,
206,0.025,,,,,,,,,,,,
207,0.025,,,,,,,,,,,,
208,0.025,,,,,,,,,,,,
209,0.02,,,,,,,,,,,,
210,0.02,,,,,,,,,,,,
211,0.02,,,,,,,,,,,,
212,0.02,,,,,,,,,,,,
213,0.02,,,,,,,,,,,,
214,0.02,,,,,,,,,,,,
215,0.02,,,,,,,,,,,,
216,0.02,,,,,,,,,,,,
217,0.02,,,,,,,,,,,,
218,0.02,,,,,,,,,,,,
219,0.02,,,,,,,,,,,,
220,0.02,,,,,,,,,,,,
221,0.02,,,,,,,,,,,,
222,0.02,,,,,,,,,,,,
223,0.02,,,,,,,,,,,,
224,0.026,,,,,,,,,,,,
225,0.026,,,,,,,,,,,,
226,0.026,,,,,,,,,,,,
227,0.026,,,,,,,,,,,,
228,0.026,,,,,,,,,,,,
229,0.026,,,,,,,,,,,,
230,0.026,,,,,,,,,,,,
231,0.026,,,,,,,,,,,,
232,0.026,,,,,,,,,,,,
233,0.026,,,,,,,,,,,,
234,0.026,,,,,,,,,,,,
235,0.026,,,,,,,,,,,,
236,0.026,,,,,,,,,,,,
237,0.026,,,,,,,,,,,,
238,0.026,,,,,,,,,,,,
239,0.025,,,,,,,,,,,,
240,0.025,,,,,,,,,,,,
241,0.025,,,,,,,,,,,,
242,0.025,,,,,,,,,,,,
243,0.025,,,,,,,,,,,,
244,0.025,,,,,,,,,,,,
245,0.025,,,,,,,,,,,,
246,0.025,,,,,,,,,,,,
247,0.025,,,,,,,,,,,,
248,0.025,,,,,,,,,,,,
249,0.025,,,,,,,,,,,,
250,0.025,,,,,,,,,,,,
251,0.025,,,,,,,,,,,,
252,0.025,,,,,,,,,,,,
253,0.025,,,,,,,,,,,,
254,0.021,,,,,,,,,,,,
255,0.021,,,,,,,,,,,,
256,0.021,,,,,,,,,,,,
257,0.021,,,,,,,,,,,,
258,0.021,,,,,,,,,,,,
259,0.021,,,,,,,,,,,,
260,0.021,,,,,,,,,,,,
261,0.021,,,,,,,,,,,,
262,0.021,,,,,,,,,,,,
263,0.021,,,,,,,,,,,,
264,0.021,,,,,,,,,,,,
265,0.021,,,,,,,,,,,,
266,0.021,,,,,,,,,,,,
267,0.021,,,,,,,,,,,,
268,0.021,,,,,,,,,,,,
269,0.019,,,,,,,,,,,,
270,0.019,,,,,,,,,,,,
271,0.019,,,,,,,,,,,,
272,0.019,,,,,,,,,,,,
273,0.019,,,,,,,,,,,,
274,0.019,,,,,,,,,,,,
275,0.019,,,,,,,,,,,,
276,0.019,,,,,,,,,,,,
277,0.019,,,,,,,,,,,,
278,0.019,,,,,,,,,,,,
279,0.019,,,,,,,,,,,,
280,0.019,,,,,,,,,,,,
281,0.019,,,,,,,,,,,,
282,0.019,,,,,,,,,,,,
283,0.019,,,,,,,,,,,,
284,0.02,,,,,,,,,,,,
285,0.02,,,,,,,,,,,,
286,0.02,,,,,,,,,,,,
287,0.02,,,,,,,,,,,,
288,0.02,,,,,,,,,,,,
289,0.02,,,,,,,,,,,,
290,0.02,,,,,,,,,,,,
291,0.02,,,,,,,,,,,,
292,0.02,,,,,,,,,,,,
293,0.02,,,,,,,,,,,,
294,0.02,,,,,,,,,,,,
295,0.02,,,,,,,,,,,,
296,0.02,,,,,,,,,,,,
297,0.02,,,,,,,,,,,,
298,0.02,,,,,,,,,,,,
299,0.025,,,,,,,,,,,,
300,0.025,,,,,,,,,,,,
301,0.025,,,,,,,,,,,,
302,0.025,,,,,,,,,,,,
303,0.025,,,,,,,,,,,,
304,0.025,,,,,,,,,,,,
305,0.025,,,,,,,,,,,,
306,0.025,,,,,,,,,,,,
307,0.025,,,,,,,,,,,,
308,0.025,,,,,,,,,,,,
309,0.025,,,,,,,,,,,,
310,0.025,,,,,,,,,,,,
311,0.025,,,,,,,,,,,,
312,0.025,,,,,,,,,,,,
313,0.025,,,,,,,,,,,,
314,0.031,,,,,,,,,,,,
315,0.031,,,,,,,,,,,,
316,0.031,,,,,,,,,,,,
317,0.031,,,,,,,,,,,,
318,0.031,,,,,,,,,,,,
319,0.031,,,,,,,,,,,,
320,0.031,,,,,,,,,,,,
321,0.031,,,,,,,,,,,,
322,0.031,,,,,,,,,,,,
323,0.031,,,,,,,,,,,,
324,0.031,,,,,,,,,,,,
325,0.031,,,,,,,,,,,,
326,0.031,,,,,,,,,,,,
327,0.031,,,,,,,,,,,,
328,0.031,,,,,,,,,,,,
329,0.034,,,,,,,,,,,,
330,0.034,,,,,,,,,,,,
331,0.034,,,,,,,,,,,,
332,0.034,,,,,,,,,,,,
333,0.034,,,,,,,,,,,,
334,0.034,,,,,,,,,,,,
335,0.034,,,,,,,,,,,,
336,0.034,,,,,,,,,,,,
337,0.034,,,,,,,,,,,,
338,0.034,,,,,,,,,,,,
339,0.034,,,,,,,,,,,,
340,0.034,,,,,,,,,,,,
341,0.034,,,,,,,,,,,,
342,0.034,,,,,,,,,,,,
343,0.034,,,,,,,,,,,,
344,0.028,,,,,,,,,,,,
345,0.028,,,,,,,,,,,,
346,0.028,,,,,,,,,,,,
347,0.028,,,,,,,,,,,,
348,0.028,,,,,,,,,,,,
349,0.028,,,,,,,,,,,,
350,0.028,,,,,,,,,,,,
351,0.028,,,,,,,,,,,,
352,0.028,,,,,,,,,,,,
353,0.028,,,,,,,,,,,,
354,0.028,,,,,,,,,,,,
355,0.028,,,,,,,,,,,,
356,0.028,,,,,,,,,,,,
357,0.028,,,,,,,,,,,,
358,0.028,,,,,,,,,,,,
359,0.03,,,,,,,,,,,,
360,0.03,,,,,,,,,,,,
361,0.03,,,,,,,,,,,,
362,0.03,,,,,,,,,,,,
363,0.03,,,,,,,,,,,,
364,0.03,,,,,,,,,,,,
365,0.03,,,,,,,,,,,,
366,0.03,,,,,,,,,,,,
367,0.03,,,,,,,,,,,,
368,0.03,,,,,,,,,,,,
369,0.03,,,,,,,,,,,,
370,0.03,,,,,,,,,,,,
371,0.03,,,,,,,,,,,,
372,0.03,,,,,,,,,,,,
373,0.03,,,,,,,,,,,,
374,0.029,,,,,,,,,,,,
375,0.029,,,,,,,,,,,,
376,0.029,,,,,,,,,,,,
377,0.029,,,,,,,,,,,,
378,0.029,,,,,,,,,,,,
379,0.029,,,,,,,,,,,,
380,0.029,,,,,,,,,,,,
381,0.029,,,,,,,,,,,,
382,0.029,,,,,,,,,,,,
383,0.029,,,,,,,,,,,,
384,0.029,,,,,,,,,,,,
385,0.029,,,,,,,,,,,,
386,0.029,,,,,,,,,,,,
387,0.029,,,,,,,,,,,,
388,0.029,,,,,,,,,,,,
389,0.03,,,,,,,,,,,,
390,0.03,,,,,,,,,,,,
391,0.03,,,,,,,,,,,,
392,0.03,,,,,,,,,,,,
393,0.03,,,,,,,,,,,,
394,0.03,,,,,,,,,,,,
395,0.03,,,,,,,,,,,,
396,0.03,,,,,,,,,,,,
397,0.03,,,,,,,,,,,,
398,0.03,,,,,,,,,,,,
399,0.03,,,,,,,,,,,,
400,0.03,,,,,,,,,,,,
401,0.03,,,,,,,,,,,,
402,0.03,,,,,,,,,,,,
403,0.03,,,,,,,,,,,,
404,0.032,,,,,,,,,,,,
405,0.032,,,,,,,,,,,,
406,0.032,,,,,,,,,,,,
407,0.032,,,,,,,,,,,,
408,0.032,,,,,,,,,,,,
409,0.032,,,,,,,,,,,,
410,0.032,,,,,,,,,,,,
411,0.032,,,,,,,,,,,,
412,0.032,,,,,,,,,,,,
413,0.032,,,,,,,,,,,,
414,0.032,,,,,,,,,,,,
415,0.032,,,,,,,,,,,,
416,0.032,,,,,,,,,,,,
417,0.032,,,,,,,,,,,,
418,0.032,,,,,,,,,,,,
419,0.037,,,,,,,,,,,,
420,0.037,,,,,,,,,,,,
421,0.037,,,,,,,,,,,,
422,0.037,,,,,,,,,,,,
423,0.037,,,,,,,,,,,,
424,0.037,,,,,,,,,,,,
425,0.037,,,,,,,,,,,,
426,0.037,,,,,,,,,,,,
427,0.037,,,,,,,,,,,,
428,0.037,,,,,,,,,,,,
429,0.037,,,,,,,,,,,,
430,0.037,,,,,,,,,,,,
431,0.037,,,,,,,,,,,,
432,0.037,,,,,,,,,,,,
433,0.037,,,,,,,,,,,,
434,0.03,,,,,,,,,,,,
435,0.03,,,,,,,,,,,,
436,0.03,,,,,,,,,,,,
437,0.03,,,,,,,,,,,,
438,0.03,,,,,,,,,,,,
439,0.03,,,,,,,,,,,,
440,0.03,,,,,,,,,,,,
441,0.03,,,,,,,,,,,,
442,0.03,,,,,,,,,,,,
443,0.03,,,,,,,,,,,,
444,0.03,,,,,,,,,,,,
445,0.03,,,,,,,,,,,,
446,0.03,,,,,,,,,,,,
447,0.03,,,,,,,,,,,,
448,0.03,,,,,,,,,,,,
449,0.036,,,,,,,,,,,,
450,0.036,,,,,,,,,,,,
451,0.036,,,,,,,,,,,,
452,0.036,,,,,,,,,,,,
453,0.036,,,,,,,,,,,,
454,0.036,,,,,,,,,,,,
455,0.036,,,,,,,,,,,,
456,0.036,,,,,,,,,,,,
457,0.036,,,,,,,,,,,,
458,0.036,,,,,,,,,,,,
459,0.036,,,,,,,,,,,,
460,0.036,,,,,,,,,,,,
461,0.036,,,,,,,,,,,,
462,0.036,,,,,,,,,,,,
463,0.036,,,,,,,,,,,,
464,0.041,,,,,,,,,,,,
465,0.041,,,,,,,,,,,,
466,0.041,,,,,,,,,,,,
467,0.041,,,,,,,,,,,,
468,0.041,,,,,,,,,,,,
469,0.041,,,,,,,,,,,,
470,0.041,,,,,,,,,,,,
471,0.041,,,,,,,,,,,,
472,0.041,,,,,,,,,,,,
473,0.041,,,,,,,,,,,,
474,0.041,,,,,,,,,,,,
475,0.041,,,,,,,,,,,,
476,0.041,,,,,,,,,,,,
477,0.041,,,,,,,,,,,,
478,0.041,,,,,,,,,,,,
479,0.041,,,,,,,,,,,,
480,0.041,,,,,,,,,,,,
481,0.041,,,,,,,,,,,,
482,0.041,,,,,,,,,,,,
483,0.041,,,,,,,,,,,,
484,0.041,,,,,,,,,,,,
485,0.041,,,,,,,,,,,,
486,0.041,,,,,,,,,,,,
487,0.041,,,,,,,,,,,,
488,0.041,,,,,,,,,,,,
489,0.041,,,,,,,,,,,,
490,0.041,,,,,,,,,,,,
491,0.041,,,,,,,,,,,,
492,0.041,,,,,,,,,,,,
493,0.041,,,,,,,,,,,,
494,0.051,,,,,,,,,,,,
495,0.051,,,,,,,,,,,,
496,0.051,,,,,,,,,,,,
497,0.051,,,,,,,,,,,,
498,0.051,,,,,,,,,,,,
499,0.051,,,,,,,,,,,,
500,0.051,,,,,,,,,,,,
501,0.051,,,,,,,,,,,,
502,0.051,,,,,,,,,,,,
503,0.051,,,,,,,,,,,,
504,0.051,,,,,,,,,,,,
505,0.051,,,,,,,,,,,,
506,0.051,,,,,,,,,,,,
507,0.051,,,,,,,,,,,,
508,0.051,,,,,,,,,,,,
509,0.054,,,,,,,,,,,,
510,0.054,,,,,,,,,,,,
511,0.054,,,,,,,,,,,,
512,0.054,,,,,,,,,,,,
513,0.054,,,,,,,,,,,,
514,0.054,,,,,,,,,,,,
515,0.054,,,,,,,,,,,,
516,0.054,,,,,,,,,,,,
517,0.054,,,,,,,,,,,,
518,0.054,,,,,,,,,,,,
519,0.054,,,,,,,,,,,,
520,0.054,,,,,,,,,,,,
521,0.054,,,,,,,,,,,,
522,0.054,,,,,,,,,,,,
523,0.054,,,,,,,,,,,,
524,0.055,,,,,,,,,,,,
525,0.055,,,,,,,,,,,,
526,0.055,,,,,,,,,,,,
527,0.055,,,,,,,,,,,,
528,0.055,,,,,,,,,,,,
529,0.055,,,,,,,,,,,,
530,0.055,,,,,,,,,,,,
531,0.055,,,,,,,,,,,,
532,0.055,,,,,,,,,,,,
533,0.055,,,,,,,,,,,,
534,0.055,,,,,,,,,,,,
535,0.055,,,,,,,,,,,,
536,0.055,,,,,,,,,,,,
537,0.055,,,,,,,,,,,,
538,0.055,,,,,,,,,,,,
539,0.055,,,,,,,,,,,,
540,0.055,,,,,,,,,,,,
541,0.055,,,,,,,,,,,,
542,0.055,,,,,,,,,,,,
543,0.055,,,,,,,,,,,,
544,0.055,,,,,,,,,,,,
545,0.055,,,,,,,,,,,,
546,0.055,,,,,,,,,,,,
547,0.055,,,,,,,,,,,,
548,0.055,,,,,,,,,,,,
549,0.055,,,,,,,,,,,,
550,0.055,,,,,,,,,,,,
551,0.055,,,,,,,,,,,,
552,0.055,,,,,,,,,,,,
553,0.055,,,,,,,,,,,,
554,0.066,,,,,,,,,,,,
555,0.066,,,,,,,,,,,,
556,0.066,,,,,,,,,,,,
557,0.066,,,,,,,,,,,,
558,0.066,,,,,,,,,,,,
559,0.066,,,,,,,,,,,,
560,0.066,,,,,,,,,,,,
561,0.066,,,,,,,,,,,,
562,0.066,,,,,,,,,,,,
563,0.066,,,,,,,,,,,,
564,0.066,,,,,,,,,,,,
565,0.066,,,,,,,,,,,,
566,0.066,,,,,,,,,,,,
567,0.066,,,,,,,,,,,,
568,0.066,,,,,,,,,,,,
569,0.072,,,,,,,,,,,,
570,0.072,,,,,,,,,,,,
571,0.072,,,,,,,,,,,,
572,0.072,,,,,,,,,,,,
573,0.072,,,,,,,,,,,,
574,0.072,,,,,,,,,,,,
575,0.072,,,,,,,,,,,,
576,0.072,,,,,,,,,,,,
577,0.072,,,,,,,,,,,,
578,0.072,,,,,,,,,,,,
579,0.072,,,,,,,,,,,,
580,0.072,,,,,,,,,,,,
581,0.072,,,,,,,,,,,,
582,0.072,,,,,,,,,,,,
583,0.072,,,,,,,,,,,,
584,0.07,,,,,,,,,,,,
585,0.07,,,,,,,,,,,,
586,0.07,,,,,,,,,,,,
587,0.07,,,,,,,,,,,,
588,0.07,,,,,,,,,,,,
589,0.07,,,,,,,,,,,,
590,0.07,,,,,,,,,,,,
591,0.07,,,,,,,,,,,,
592,0.07,,,,,,,,,,,,
593,0.07,,,,,,,,,,,,
594,0.07,,,,,,,,,,,,
595,0.07,,,,,,,,,,,,
596,0.07,,,,,,,,,,,,
597,0.07,,,,,,,,,,,,
598,0.07,,,,,,,,,,,,
599,0.078,,,,,,,,,,,,
600,0.078,,,,,,,,,,,,
601,0.078,,,,,,,,,,,,
602,0.078,,,,,,,,,,,,
603,0.078,,,,,,,,,,,,
604,0.078,,,,,,,,,,,,
605,0.078,,,,,,,,,,,,
606,0.078,,,,,,,,,,,,
607,0.078,,,,,,,,,,,,
608,0.078,,,,,,,,,,,,
609,0.078,,,,,,,,,,,,
610,0.078,,,,,,,,,,,,
611,0.078,,,,,,,,,,,,
612,0.078,,,,,,,,,,,,
613,0.078,,,,,,,,,,,,
614,0.087,,,,,,,,,,,,
615,0.087,,,,,,,,,,,,
616,0.087,,,,,,,,,,,,
617,0.087,,,,,,,,,,,,
618,0.087,,,,,,,,,,,,
619,0.087,,,,,,,,,,,,
620,0.087,,,,,,,,,,,,
621,0.087,,,,,,,,,,,,
622,0.087,,,,,,,,,,,,
623,0.087,,,,,,,,,,,,
624,0.087,,,,,,,,,,,,
625,0.087,,,,,,,,,,,,
626,0.087,,,,,,,,,,,,
627,0.087,,,,,,,,,,,,
628,0.087,,,,,,,,,,,,
629,0.092,,,,,,,,,,,,
630,0.092,,,,,,,,,,,,
631,0.092,,,,,,,,,,,,
632,0.092,,,,,,,,,,,,
633,0.092,,,,,,,,,,,,
634,0.092,,,,,,,,,,,,
635,0.092,,,,,,,,,,,,
636,0.092,,,,,,,,,,,,
637,0.092,,,,,,,,,,,,
638,0.092,,,,,,,,,,,,
639,0.092,,,,,,,,,,,,
640,0.092,,,,,,,,,,,,
641,0.092,,,,,,,,,,,,
642,0.092,,,,,,,,,,,,
643,0.092,,,,,,,,,,,,
644,0.096,,,,,,,,,,,,
645,0.096,,,,,,,,,,,,
646,0.096,,,,,,,,,,,,
647,0.096,,,,,,,,,,,,
648,0.096,,,,,,,,,,,,
649,0.096,,,,,,,,,,,,
650,0.096,,,,,,,,,,,,
651,0.096,,,,,,,,,,,,
652,0.096,,,,,,,,,,,,
653,0.096,,,,,,,,,,,,
654,0.096,,,,,,,,,,,,
655,0.096,,,,,,,,,,,,
656,0.096,,,,,,,,,,,,
657,0.096,,,,,,,,,,,,
658,0.096,,,,,,,,,,,,
659,0.105,,,,,,,,,,,,
660,0.105,,,,,,,,,,,,
661,0.105,,,,,,,,,,,,
662,0.105,,,,,,,,,,,,
663,0.105,,,,,,,,,,,,
664,0.105,,,,,,,,,,,,
665,0.105,,,,,,,,,,,,
666,0.105,,,,,,,,,,,,
667,0.105,,,,,,,,,,,,
668,0.105,,,,,,,,,,,,
669,0.105,,,,,,,,,,,,
670,0.105,,,,,,,,,,,,
671,0.105,,,,,,,,,,,,
672,0.105,,,,,,,,,,,,
673,0.105,,,,,,,,,,,,
674,0.095,,,,,,,,,,,,
675,0.095,,,,,,,,,,,,
676,0.095,,,,,,,,,,,,
677,0.095,,,,,,,,,,,,
678,0.095,,,,,,,,,,,,
679,0.095,,,,,,,,,,,,
680,0.095,,,,,,,,,,,,
681,0.095,,,,,,,,,,,,
682,0.095,,,,,,,,,,,,
683,0.095,,,,,,,,,,,,
684,0.095,,,,,,,,,,,,
685,0.095,,,,,,,,,,,,
686,0.095,,,,,,,,,,,,
687,0.095,,,,,,,,,,,,
688,0.095,,,,,,,,,,,,
689,0.103,,,,,,,,,,,,
690,0.103,,,,,,,,,,,,
691,0.103,,,,,,,,,,,,
692,0.103,,,,,,,,,,,,
693,0.103,,,,,,,,,,,,
694,0.103,,,,,,,,,,,,
695,0.103,,,,,,,,,,,,
696,0.103,,,,,,,,,,,,
697,0.103,,,,,,,,,,,,
698,0.103,,,,,,,,,,,,
699,0.103,,,,,,,,,,,,
700,0.103,,,,,,,,,,,,
701,0.103,,,,,,,,,,,,
702,0.103,,,,,,,,,,,,
703,0.103,,,,,,,,,,,,
704,0.118,,,,,,,,,,,,
705,0.118,,,,,,,,,,,,
706,0.118,,,,,,,,,,,,
707,0.118,,,,,,,,,,,,
708,0.118,,,,,,,,,,,,
709,0.118,,,,,,,,,,,,
710,0.118,,,,,,,,,,,,
711,0.118,,,,,,,,,,,,
712,0.118,,,,,,,,,,,,
713,0.118,,,,,,,,,,,,
714,0.118,,,,,,,,,,,,
715,0.118,,,,,,,,,,,,
716,0.118,,,,,,,,,,,,
717,0.118,,,,,,,,,,,,
718,0.118,,,,,,,,,,,,
719,0.121,,,,,,,,,,,,
720,0.121,,,,,,,,,,,,
721,0.121,,,,,,,,,,,,
722,0.121,,,,,,,,,,,,
723,0.121,,,,,,,,,,,,
724,0.121,,,,,,,,,,,,
725,0.121,,,,,,,,,,,,
726,0.121,,,,,,,,,,,,
727,0.121,,,,,,,,,,,,
728,0.121,,,,,,,,,,,,
729,0.121,,,,,,,,,,,,
730,0.121,,,,,,,,,,,,
731,0.121,,,,,,,,,,,,
732,0.121,,,,,,,,,,,,
733,0.121,,,,,,,,,,,,
734,0.13,,,,,,,,,,,,
735,0.13,,,,,,,,,,,,
736,0.13,,,,,,,,,,,,
737,0.13,,,,,,,,,,,,
738,0.13,,,,,,,,,,,,
739,0.13,,,,,,,,,,,,
740,0.13,,,,,,,,,,,,
741,0.13,,,,,,,,,,,,
742,0.13,,,,,,,,,,,,
743,0.13,,,,,,,,,,,,
744,0.13,,,,,,,,,,,,
745,0.13,,,,,,,,,,,,
746,0.13,,,,,,,,,,,,
747,0.13,,,,,,,,,,,,
748,0.13,,,,,,,,,,,,
749,0.126,,,,,,,,,,,,
750,0.126,,,,,,,,,,,,
751,0.126,,,,,,,,,,,,
752,0.126,,,,,,,,,,,,
753,0.126,,,,,,,,,,,,
754,0.126,,,,,,,,,,,,
755,0.126,,,,,,,,,,,,
756,0.126,,,,,,,,,,,,
757,0.126,,,,,,,,,,,,
758,0.126,,,,,,,,,,,,
759,0.126,,,,,,,,,,,,
760,0.126,,,,,,,,,,,,
761,0.126,,,,,,,,,,,,
762,0.126,,,,,,,,,,,,
763,0.126,,,,,,,,,,,,
764,0.141,,,,,,,,,,,,
765,0.141,,,,,,,,,,,,
766,0.141,,,,,,,,,,,,
767,0.141,,,,,,,,,,,,
768,0.141,,,,,,,,,,,,
769,0.141,,,,,,,,,,,,
770,0.141,,,,,,,,,,,,
771,0.141,,,,,,,,,,,,
772,0.141,,,,,,,,,,,,
773,0.141,,,,,,,,,,,,
774,0.141,,,,,,,,,,,,
775,0.141,,,,,,,,,,,,
776,0.141,,,,,,,,,,,,
777,0.141,,,,,,,,,,,,
778,0.141,,,,,,,,,,,,
779,0.14,,,,,,,,,,,,
780,0.14,,,,,,,,,,,,
781,0.14,,,,,,,,,,,,
782,0.14,,,,,,,,,,,,
783,0.14,,,,,,,,,,,,
784,0.14,,,,,,,,,,,,
785,0.14,,,,,,,,,,,,
786,0.14,,,,,,,,,,,,
787,0.14,,,,,,,,,,,,
788,0.14,,,,,,,,,,,,
789,0.14,,,,,,,,,,,,
790,0.14,,,,,,,,,,,,
791,0.14,,,,,,,,,,,,
792,0.14,,,,,,,,,,,,
793,0.14,,,,,,,,,,,,
794,0.154,,,,,,,,,,,,
795,0.154,,,,,,,,,,,,
796,0.154,,,,,,,,,,,,
797,0.154,,,,,,,,,,,,
798,0.154,,,,,,,,,,,,
799,0.154,,,,,,,,,,,,
800,0.154,,,,,,,,,,,,
801,0.154,,,,,,,,,,,,
802,0.154,,,,,,,,,,,,
803,0.154,,,,,,,,,,,,
804,0.154,,,,,,,,,,,,
805,0.154,,,,,,,,,,,,
806,0.154,,,,,,,,,,,,
807,0.154,,,,,,,,,,,,
808,0.154,,,,,,,,,,,,
809,0.164,,,,,,,,,,,,
810,0.164,,,,,,,,,,,,
811,0.164,,,,,,,,,,,,
812,0.164,,,,,,,,,,,,
813,0.164,,,,,,,,,,,,
814,0.164,,,,,,,,,,,,
815,0.164,,,,,,,,,,,,
816,0.164,,,,,,,,,,,,
817,0.164,,,,,,,,,,,,
818,0.164,,,,,,,,,,,,
819,0.164,,,,,,,,,,,,
820,0.164,,,,,,,,,,,,
821,0.164,,,,,,,,,,,,
822,0.164,,,,,,,,,,,,
823,0.164,,,,,,,,,,,,
824,0.164,,,,,,,,,,,,
825,0.164,,,,,,,,,,,,
826,0.164,,,,,,,,,,,,
827,0.164,,,,,,,,,,,,
828,0.164,,,,,,,,,,,,
829,0.164,,,,,,,,,,,,
830,0.164,,,,,,,,,,,,
831,0.164,,,,,,,,,,,,
832,0.164,,,,,,,,,,,,
833,0.164,,,,,,,,,,,,
834,0.164,,,,,,,,,,,,
835,0.164,,,,,,,,,,,,
836,0.164,,,,,,,,,,,,
837,0.164,,,,,,,,,,,,
838,0.164,,,,,,,,,,,,
839,0.177,,,,,,,,,,,,
840,0.177,,,,,,,,,,,,
841,0.177,,,,,,,,,,,,
842,0.177,,,,,,,,,,,,
843,0.177,,,,,,,,,,,,
844,0.177,,,,,,,,,,,,
845,0.177,,,,,,,,,,,,
846,0.177,,,,,,,,,,,,
847,0.177,,,,,,,,,,,,
848,0.177,,,,,,,,,,,,
849,0.177,,,,,,,,,,,,
850,0.177,,,,,,,,,,,,
851,0.177,,,,,,,,,,,,
852,0.177,,,,,,,,,,,,
853,0.177,,,,,,,,,,,,
854,0.174,,,,,,,,,,,,
855,0.174,,,,,,,,,,,,
856,0.174,,,,,,,,,,,,
857,0.174,,,,,,,,,,,,
858,0.174,,,,,,,,,,,,
859,0.174,,,,,,,,,,,,
860,0.174,,,,,,,,,,,,
861,0.174,,,,,,,,,,,,
862,0.174,,,,,,,,,,,,
863,0.174,,,,,,,,,,,,
864,0.174,,,,,,,,,,,,
865,0.174,,,,,,,,,,,,
866,0.174,,,,,,,,,,,,
867,0.174,,,,,,,,,,,,
868,0.174,,,,,,,,,,,,
869,0.178,,,,,,,,,,,,
870,0.178,,,,,,,,,,,,
871,0.178,,,,,,,,,,,,
872,0.178,,,,,,,,,,,,
873,0.178,,,,,,,,,,,,
874,0.178,,,,,,,,,,,,
875,0.178,,,,,,,,,,,,
876,0.178,,,,,,,,,,,,
877,0.178,,,,,,,,,,,,
878,0.178,,,,,,,,,,,,
879,0.178,,,,,,,,,,,,
880,0.178,,,,,,,,,,,,
881,0.178,,,,,,,,,,,,
882,0.178,,,,,,,,,,,,
883,0.178,,,,,,,,,,,,
884,0.198,,,,,,,,,,,,
885,0.198,,,,,,,,,,,,
886,0.198,,,,,,,,,,,,
887,0.198,,,,,,,,,,,,
888,0.198,,,,,,,,,,,,
889,0.198,,,,,,,,,,,,
890,0.198,,,,,,,,,,,,
891,0.198,,,,,,,,,,,,
892,0.198,,,,,,,,,,,,
893,0.198,,,,,,,,,,,,
894,0.198,,,,,,,,,,,,
895,0.198,,,,,,,,,,,,
896,0.198,,,,,,,,,,,,
897,0.198,,,,,,,,,,,,
898,0.198,,,,,,,,,,,,
899,0.2,,,,,,,,,,,,
900,0.2,,,,,,,,,,,,
901,0.2,,,,,,,,,,,,
902,0.2,,,,,,,,,,,,
903,0.2,,,,,,,,,,,,
904,0.2,,,,,,,,,,,,
905,0.2,,,,,,,,,,,,
906,0.2,,,,,,,,,,,,
907,0.2,,,,,,,,,,,,
908,0.2,,,,,,,,,,,,
909,0.2,,,,,,,,,,,,
910,0.2,,,,,,,,,,,,
911,0.2,,,,,,,,,,,,
912,0.2,,,,,,,,,,,,
913,0.2,,,,,,,,,,,,
914,0.203,,,,,,,,,,,,
915,0.203,,,,,,,,,,,,
916,0.203,,,,,,,,,,,,
917,0.203,,,,,,,,,,,,
918,0.203,,,,,,,,,,,,
919,0.203,,,,,,,,,,,,
920,0.203,,,,,,,,,,,,
921,0.203,,,,,,,,,,,,
922,0.203,,,,,,,,,,,,
923,0.203,,,,,,,,,,,,
924,0.203,,,,,,,,,,,,
925,0.203,,,,,,,,,,,,
926,0.203,,,,,,,,,,,,
927,0.203,,,,,,,,,,,,
928,0.203,,,,,,,,,,,,
929,0.202,,,,,,,,,,,,
930,0.202,,,,,,,,,,,,
931,0.202,,,,,,,,,,,,
932,0.202,,,,,,,,,,,,
933,0.202,,,,,,,,,,,,
934,0.202,,,,,,,,,,,,
935,0.202,,,,,,,,,,,,
936,0.202,,,,,,,,,,,,
937,0.202,,,,,,,,,,,,
938,0.202,,,,,,,,,,,,
939,0.202,,,,,,,,,,,,
940,0.202,,,,,,,,,,,,
941,0.202,,,,,,,,,,,,
942,0.202,,,,,,,,,,,,
943,0.202,,,,,,,,,,,,
944,0.219,,,,,,,,,,,,
945,0.219,,,,,,,,,,,,
946,0.219,,,,,,,,,,,,
947,0.219,,,,,,,,,,,,
948,0.219,,,,,,,,,,,,
949,0.219,,,,,,,,,,,,
950,0.219,,,,,,,,,,,,
951,0.219,,,,,,,,,,,,
952,0.219,,,,,,,,,,,,
953,0.219,,,,,,,,,,,,
954,0.219,,,,,,,,,,,,
955,0.219,,,,,,,,,,,,
956,0.219,,,,,,,,,,,,
957,0.219,,,,,,,,,,,,
958,0.219,,,,,,,,,,,,
959,0.221,,,,,,,,,,,,
960,0.221,,,,,,,,,,,,
961,0.221,,,,,,,,,,,,
962,0.221,,,,,,,,,,,,
963,0.221,,,,,,,,,,,,
964,0.221,,,,,,,,,,,,
965,0.221,,,,,,,,,,,,
966,0.221,,,,,,,,,,,,
967,0.221,,,,,,,,,,,,
968,0.221,,,,,,,,,,,,
969,0.221,,,,,,,,,,,,
970,0.221,,,,,,,,,,,,
971,0.221,,,,,,,,,,,,
972,0.221,,,,,,,,,,,,
973,0.221,,,,,,,,,,,,
974,0.224,,,,,,,,,,,,
975,0.224,,,,,,,,,,,,
976,0.224,,,,,,,,,,,,
977,0.224,,,,,,,,,,,,
978,0.224,,,,,,,,,,,,
979,0.224,,,,,,,,,,,,
980,0.224,,,,,,,,,,,,
981,0.224,,,,,,,,,,,,
982,0.224,,,,,,,,,,,,
983,0.224,,,,,,,,,,,,
984,0.224,,,,,,,,,,,,
985,0.224,,,,,,,,,,,,
986,0.224,,,,,,,,,,,,
987,0.224,,,,,,,,,,,,
988,0.224,,,,,,,,,,,,
989,0.236,,,,,,,,,,,,
990,0.236,,,,,,,,,,,,
991,0.236,,,,,,,,,,,,
992,0.236,,,,,,,,,,,,
993,0.236,,,,,,,,,,,,
994,0.236,,,,,,,,,,,,
995,0.236,,,,,,,,,,,,
996,0.236,,,,,,,,,,,,
997,0.236,,,,,,,,,,,,
998,0.236,,,,,,,,,,,,
999,0.236,,,,,,,,,,,,
1000,0.236,,,,,,,,,,,,
1001,0.236,,,,,,,,,,,,
1002,0.236,,,,,,,,,,,,
1003,0.236,,,,,,,,,,,,
1004,0.234,,,,,,,,,,,,
1005,0.234,,,,,,,,,,,,
1006,0.234,,,,,,,,,,,,
1007,0.234,,,,,,,,,,,,
1008,0.234,,,,,,,,,,,,
1009,0.234,,,,,,,,,,,,
1010,0.234,,,,,,,,,,,,
1011,0.234,,,,,,,,,,,,
1012,0.234,,,,,,,,,,,,
1013,0.234,,,,,,,,,,,,
1014,0.234,,,,,,,,,,,,
1015,0.234,,,,,,,,,,,,
1016,0.234,,,,,,,,,,,,
1017,0.234,,,,,,,,,,,,
1018,0.234,,,,,,,,,,,,
1019,0.245,,,,,,,,,,,,
1020,0.245,,,,,,,,,,,,
1021,0.245,,,,,,,,,,,,
1022,0.245,,,,,,,,,,,,
1023,0.245,,,,,,,,,,,,
1024,0.245,,,,,,,,,,,,
1025,0.245,,,,,,,,,,,,
1026,0.245,,,,,,,,,,,,
1027,0.245,,,,,,,,,,,,
1028,0.245,,,,,,,,,,,,
1029,0.245,,,,,,,,,,,,
1030,0.245,,,,,,,,,,,,
1031,0.245,,,,,,,,,,,,
1032,0.245,,,,,,,,,,,,
1033,0.245,,,,,,,,,,,,
1034,0.264,,,,,,,,,,,,
1035,0.264,,,,,,,,,,,,
1036,0.264,,,,,,,,,,,,
1037,0.264,,,,,,,,,,,,
1038,0.264,,,,,,,,,,,,
1039,0.264,,,,,,,,,,,,
1040,0.264,,,,,,,,,,,,
1041,0.264,,,,,,,,,,,,
1042,0.264,,,,,,,,,,,,
1043,0.264,,,,,,,,,,,,
1044,0.264,,,,,,,,,,,,
1045,0.264,,,,,,,,,,,,
1046,0.264,,,,,,,,,,,,
1047,0.264,,,,,,,,,,,,
1048,0.264,,,,,,,,,,,,
1049,0.264,,,,,,,,,,,,
1050,0.264,,,,,,,,,,,,
1051,0.264,,,,,,,,,,,,
1052,0.264,,,,,,,,,,,,
1053,0.264,,,,,,,,,,,,
1054,0.264,,,,,,,,,,,,
1055,0.264,,,,,,,,,,,,
1056,0.264,,,,,,,,,,,,
1057,0.264,,,,,,,,,,,,
1058,0.264,,,,,,,,,,,,
1059,0.264,,,,,,,,,,,,
1060,0.264,,,,,,,,,,,,
1061,0.264,,,,,,,,,,,,
1062,0.264,,,,,,,,,,,,
1063,0.264,,,,,,,,,,,,
1064,0.27,,,,,,,,,,,,
1065,0.27,,,,,,,,,,,,
1066,0.27,,,,,,,,,,,,
1067,0.27,,,,,,,,,,,,
1068,0.27,,,,,,,,,,,,
1069,0.27,,,,,,,,,,,,
1070,0.27,,,,,,,,,,,,
1071,0.27,,,,,,,,,,,,
1072,0.27,,,,,,,,,,,,
1073,0.27,,,,,,,,,,,,
1074,0.27,,,,,,,,,,,,
1075,0.27,,,,,,,,,,,,
1076,0.27,,,,,,,,,,,,
1077,0.27,,,,,,,,,,,,
1078,0.27,,,,,,,,,,,,
1079,0.28,,,,,,,,,,,,
1080,0.28,,,,,,,,,,,,
1081,0.28,,,,,,,,,,,,
1082,0.28,,,,,,,,,,,,
1083,0.28,,,,,,,,,,,,
1084,0.28,,,,,,,,,,,,
1085,0.28,,,,,,,,,,,,
1086,0.28,,,,,,,,,,,,
1087,0.28,,,,,,,,,,,,
1088,0.28,,,,,,,,,,,,
1089,0.28,,,,,,,,,,,,
1090,0.28,,,,,,,,,,,,
1091,0.28,,,,,,,,,,,,
1092,0.28,,,,,,,,,,,,
1093,0.28,,,,,,,,,,,,
1094,0.282,,,,,,,,,,,,
1095,0.282,,,,,,,,,,,,
1096,0.282,,,,,,,,,,,,
1097,0.282,,,,,,,,,,,,
1098,0.282,,,,,,,,,,,,
1099,0.282,,,,,,,,,,,,
1100,0.282,,,,,,,,,,,,
1101,0.282,,,,,,,,,,,,
1102,0.282,,,,,,,,,,,,
1103,0.282,,,,,,,,,,,,
1104,0.282,,,,,,,,,,,,
1105,0.282,,,,,,,,,,,,
1106,0.282,,,,,,,,,,,,
1107,0.282,,,,,,,,,,,,
1108,0.282,,,,,,,,,,,,
1109,0.292,,,,,,,,,,,,
1110,0.292,,,,,,,,,,,,
1111,0.292,,,,,,,,,,,,
1112,0.292,,,,,,,,,,,,
1113,0.292,,,,,,,,,,,,
1114,0.292,,,,,,,,,,,,
1115,0.292,,,,,,,,,,,,
1116,0.292,,,,,,,,,,,,
1117,0.292,,,,,,,,,,,,
1118,0.292,,,,,,,,,,,,
1119,0.292,,,,,,,,,,,,
1120,0.292,,,,,,,,,,,,
1121,0.292,,,,,,,,,,,,
1122,0.292,,,,,,,,,,,,
1123,0.292,,,,,,,,,,,,
1124,0.3,,,,,,,,,,,,
1125,0.3,,,,,,,,,,,,
1126,0.3,,,,,,,,,,,,
1127,0.3,,,,,,,,,,,,
1128,0.3,,,,,,,,,,,,
1129,0.3,,,,,,,,,,,,
1130,0.3,,,,,,,,,,,,
1131,0.3,,,,,,,,,,,,
1132,0.3,,,,,,,,,,,,
1133,0.3,,,,,,,,,,,,
1134,0.3,,,,,,,,,,,,
1135,0.3,,,,,,,,,,,,
1136,0.3,,,,,,,,,,,,
1137,0.3,,,,,,,,,,,,
1138,0.3,,,,,,,,,,,,
1139,0.308,,,,,,,,,,,,
1140,0.308,,,,,,,,,,,,
1141,0.308,,,,,,,,,,,,
1142,0.308,,,,,,,,,,,,
1143,0.308,,,,,,,,,,,,
1144,0.308,,,,,,,,,,,,
1145,0.308,,,,,,,,,,,,
1146,0.308,,,,,,,,,,,,
1147,0.308,,,,,,,,,,,,
1148,0.308,,,,,,,,,,,,
1149,0.308,,,,,,,,,,,,
1150,0.308,,,,,,,,,,,,
1151,0.308,,,,,,,,,,,,
1152,0.308,,,,,,,,,,,,
1153,0.308,,,,,,,,,,,,
1154,0.319,,,,,,,,,,,,
1155,0.319,,,,,,,,,,,,
1156,0.319,,,,,,,,,,,,
1157,0.319,,,,,,,,,,,,
1158,0.319,,,,,,,,,,,,
1159,0.319,,,,,,,,,,,,
1160,0.319,,,,,,,,,,,,
1161,0.319,,,,,,,,,,,,
1162,0.319,,,,,,,,,,,,
1163,0.319,,,,,,,,,,,,
1164,0.319,,,,,,,,,,,,
1165,0.319,,,,,,,,,,,,
1166,0.319,,,,,,,,,,,,
1167,0.319,,,,,,,,,,,,
1168,0.319,,,,,,,,,,,,
1169,0.329,,,,,,,,,,,,
1170,0.329,,,,,,,,,,,,
1171,0.329,,,,,,,,,,,,
1172,0.329,,,,,,,,,,,,
1173,0.329,,,,,,,,,,,,
1174,0.329,,,,,,,,,,,,
1175,0.329,,,,,,,,,,,,
1176,0.329,,,,,,,,,,,,
1177,0.329,,,,,,,,,,,,
1178,0.329,,,,,,,,,,,,
1179,0.329,,,,,,,,,,,,
1180,0.329,,,,,,,,,,,,
1181,0.329,,,,,,,,,,,,
1182,0.329,,,,,,,,,,,,
1183,0.329,,,,,,,,,,,,
1184,0.329,,,,,,,,,,,,
1185,0.329,,,,,,,,,,,,
1186,0.329,,,,,,,,,,,,
1187,0.329,,,,,,,,,,,,
1188,0.329,,,,,,,,,,,,
1189,0.329,,,,,,,,,,,,
1190,0.329,,,,,,,,,,,,
1191,0.329,,,,,,,,,,,,
1192,0.329,,,,,,,,,,,,
1193,0.329,,,,,,,,,,,,
1194,0.329,,,,,,,,,,,,
1195,0.329,,,,,,,,,,,,
1196,0.329,,,,,,,,,,,,
1197,0.329,,,,,,,,,,,,
1198,0.329,,,,,,,,,,,,
1199,0.344,,,,,,,,,,,,
1200,0.344,,,,,,,,,,,,
1201,0.344,,,,,,,,,,,,
1202,0.344,,,,,,,,,,,,
1203,0.344,,,,,,,,,,,,
1204,0.344,,,,,,,,,,,,
1205,0.344,,,,,,,,,,,,
1206,0.344,,,,,,,,,,,,
1207,0.344,,,,,,,,,,,,
1208,0.344,,,,,,,,,,,,
1209,0.344,,,,,,,,,,,,
1210,0.344,,,,,,,,,,,,
1211,0.344,,,,,,,,,,,,
1212,0.344,,,,,,,,,,,,
1213,0.344,,,,,,,,,,,,
1214,0.345,,,,,,,,,,,,
1215,0.345,,,,,,,,,,,,
1216,0.345,,,,,,,,,,,,
1217,0.345,,,,,,,,,,,,
1218,0.345,,,,,,,,,,,,
1219,0.345,,,,,,,,,,,,
1220,0.345,,,,,,,,,,,,
1221,0.345,,,,,,,,,,,,
1222,0.345,,,,,,,,,,,,
1223,0.345,,,,,,,,,,,,
1224,0.345,,,,,,,,,,,,
1225,0.345,,,,,,,,,,,,
1226,0.345,,,,,,,,,,,,
1227,0.345,,,,,,,,,,,,
1228,0.345,,,,,,,,,,,,
1229,0.351,,,,,,,,,,,,
1230,0.351,,,,,,,,,,,,
1231,0.351,,,,,,,,,,,,
1232,0.351,,,,,,,,,,,,
1233,0.351,,,,,,,,,,,,
1234,0.351,,,,,,,,,,,,
1235,0.351,,,,,,,,,,,,
1236,0.351,,,,,,,,,,,,
1237,0.351,,,,,,,,,,,,
1238,0.351,,,,,,,,,,,,
1239,0.351,,,,,,,,,,,,
1240,0.351,,,,,,,,,,,,
1241,0.351,,,,,,,,,,,,
1242,0.351,,,,,,,,,,,,
1243,0.351,,,,,,,,,,,,
1244,0.354,,,,,,,,,,,,
1245,0.354,,,,,,,,,,,,
1246,0.354,,,,,,,,,,,,
1247,0.354,,,,,,,,,,,,
1248,0.354,,,,,,,,,,,,
1249,0.354,,,,,,,,,,,,
1250,0.354,,,,,,,,,,,,
1251,0.354,,,,,,,,,,,,
1252,0.354,,,,,,,,,,,,
1253,0.354,,,,,,,,,,,,
1254,0.354,,,,,,,,,,,,
1255,0.354,,,,,,,,,,,,
1256,0.354,,,,,,,,,,,,
1257,0.354,,,,,,,,,,,,
1258,0.354,,,,,,,,,,,,
1259,0.369,,,,,,,,,,,,
1260,0.369,,,,,,,,,,,,
1261,0.369,,,,,,,,,,,,
1262,0.369,,,,,,,,,,,,
1263,0.369,,,,,,,,,,,,
1264,0.369,,,,,,,,,,,,
1265,0.369,,,,,,,,,,,,
1266,0.369,,,,,,,,,,,,
1267,0.369,,,,,,,,,,,,
1268,0.369,,,,,,,,,,,,
1269,0.369,,,,,,,,,,,,
1270,0.369,,,,,,,,,,,,
1271,0.369,,,,,,,,,,,,
1272,0.369,,,,,,,,,,,,
1273,0.369,,,,,,,,,,,,
1274,0.369,,,,,,,,,,,,
1275,0.369,,,,,,,,,,,,
1276,0.369,,,,,,,,,,,,
1277,0.369,,,,,,,,,,,,
1278,0.369,,,,,,,,,,,,
1279,0.369,,,,,,,,,,,,
1280,0.369,,,,,,,,,,,,
1281,0.369,,,,,,,,,,,,
1282,0.369,,,,,,,,,,,,
1283,0.369,,,,,,,,,,,,
1284,0.369,,,,,,,,,,,,
1285,0.369,,,,,,,,,,,,
1286,0.369,,,,,,,,,,,,
1287,0.369,,,,,,,,,,,,
1288,0.369,,,,,,,,,,,,
1289,0.382,,,,,,,,,,,,
1290,0.382,,,,,,,,,,,,
1291,0.382,,,,,,,,,,,,
1292,0.382,,,,,,,,,,,,
1293,0.382,,,,,,,,,,,,
1294,0.382,,,,,,,,,,,,
1295,0.382,,,,,,,,,,,,
1296,0.382,,,,,,,,,,,,
1297,0.382,,,,,,,,,,,,
1298,0.382,,,,,,,,,,,,
1299,0.382,,,,,,,,,,,,
1300,0.382,,,,,,,,,,,,
1301,0.382,,,,,,,,,,,,
1302,0.382,,,,,,,,,,,,
1303,0.382,,,,,,,,,,,,
1304,0.379,,,,,,,,,,,,
1305,0.379,,,,,,,,,,,,
1306,0.379,,,,,,,,,,,,
1307,0.379,,,,,,,,,,,,
1308,0.379,,,,,,,,,,,,
1309,0.379,,,,,,,,,,,,
1310,0.379,,,,,,,,,,,,
1311,0.379,,,,,,,,,,,,
1312,0.379,,,,,,,,,,,,
1313,0.379,,,,,,,,,,,,
1314,0.379,,,,,,,,,,,,
1315,0.379,,,,,,,,,,,,
1316,0.379,,,,,,,,,,,,
1317,0.379,,,,,,,,,,,,
1318,0.379,,,,,,,,,,,,
1319,0.386,,,,,,,,,,,,
1320,0.386,,,,,,,,,,,,
1321,0.386,,,,,,,,,,,,
1322,0.386,,,,,,,,,,,,
1323,0.386,,,,,,,,,,,,
1324,0.386,,,,,,,,,,,,
1325,0.386,,,,,,,,,,,,
1326,0.386,,,,,,,,,,,,
1327,0.386,,,,,,,,,,,,
1328,0.386,,,,,,,,,,,,
1329,0.386,,,,,,,,,,,,
1330,0.386,,,,,,,,,,,,
1331,0.386,,,,,,,,,,,,
1332,0.386,,,,,,,,,,,,
1333,0.386,,,,,,,,,,,,
1334,0.395,,,,,,,,,,,,
1335,0.395,,,,,,,,,,,,
1336,0.395,,,,,,,,,,,,
1337,0.395,,,,,,,,,,,,
1338,0.395,,,,,,,,,,,,
1339,0.395,,,,,,,,,,,,
1340,0.395,,,,,,,,,,,,
1341,0.395,,,,,,,,,,,,
1342,0.395,,,,,,,,,,,,
1343,0.395,,,,,,,,,,,,
1344,0.395,,,,,,,,,,,,
1345,0.395,,,,,,,,,,,,
1346,0.395,,,,,,,,,,,,
1347,0.395,,,,,,,,,,,,
1348,0.395,,,,,,,,,,,,
1349,0.397,,,,,,,,,,,,
1350,0.397,,,,,,,,,,,,
1351,0.397,,,,,,,,,,,,
1352,0.397,,,,,,,,,,,,
1353,0.397,,,,,,,,,,,,
1354,0.397,,,,,,,,,,,,
1355,0.397,,,,,,,,,,,,
1356,0.397,,,,,,,,,,,,
1357,0.397,,,,,,,,,,,,
1358,0.397,,,,,,,,,,,,
1359,0.397,,,,,,,,,,,,
1360,0.397,,,,,,,,,,,,
1361,0.397,,,,,,,,,,,,
1362,0.397,,,,,,,,,,,,
1363,0.397,,,,,,,,,,,,
1364,0.395,,,,,,,,,,,,
1365,0.395,,,,,,,,,,,,
1366,0.395,,,,,,,,,,,,
1367,0.395,,,,,,,,,,,,
1368,0.395,,,,,,,,,,,,
1369,0.395,,,,,,,,,,,,
1370,0.395,,,,,,,,,,,,
1371,0.395,,,,,,,,,,,,
1372,0.395,,,,,,,,,,,,
1373,0.395,,,,,,,,,,,,
1374,0.395,,,,,,,,,,,,
1375,0.395,,,,,,,,,,,,
1376,0.395,,,,,,,,,,,,
1377,0.395,,,,,,,,,,,,
1378,0.395,,,,,,,,,,,,
1379,0.408,,,,,,,,,,,,
1380,0.408,,,,,,,,,,,,
1381,0.408,,,,,,,,,,,,
1382,0.408,,,,,,,,,,,,
1383,0.408,,,,,,,,,,,,
1384,0.408,,,,,,,,,,,,
1385,0.408,,,,,,,,,,,,
1386,0.408,,,,,,,,,,,,
1387,0.408,,,,,,,,,,,,
1388,0.408,,,,,,,,,,,,
1389,0.408,,,,,,,,,,,,
1390,0.408,,,,,,,,,,,,
1391,0.408,,,,,,,,,,,,
1392,0.408,,,,,,,,,,,,
1393,0.408,,,,,,,,,,,,
1394,0.403,,,,,,,,,,,,
1395,0.403,,,,,,,,,,,,
1396,0.403,,,,,,,,,,,,
1397,0.403,,,,,,,,,,,,
1398,0.403,,,,,,,,,,,,
1399,0.403,,,,,,,,,,,,
1400,0.403,,,,,,,,,,,,
1401,0.403,,,,,,,,,,,,
1402,0.403,,,,,,,,,,,,
1403,0.403,,,,,,,,,,,,
1404,0.403,,,,,,,,,,,,
1405,0.403,,,,,,,,,,,,
1406,0.403,,,,,,,,,,,,
1407,0.403,,,,,,,,,,,,
1408,0.403,,,,,,,,,,,,
1409,0.413,,,,,,,,,,,,
1410,0.413,,,,,,,,,,,,
1411,0.413,,,,,,,,,,,,
1412,0.413,,,,,,,,,,,,
1413,0.413,,,,,,,,,,,,
1414,0.413,,,,,,,,,,,,
1415,0.413,,,,,,,,,,,,
1416,0.413,,,,,,,,,,,,
1417,0.413,,,,,,,,,,,,
1418,0.413,,,,,,,,,,,,
1419,0.413,,,,,,,,,,,,
1420,0.413,,,,,,,,,,,,
1421,0.413,,,,,,,,,,,,
1422,0.413,,,,,,,,,,,,
1423,0.413,,,,,,,,,,,,
1424,0.414,,,,,,,,,,,,
1425,0.414,,,,,,,,,,,,
1426,0.414,,,,,,,,,,,,
1427,0.414,,,,,,,,,,,,
1428,0.414,,,,,,,,,,,,
1429,0.414,,,,,,,,,,,,
1430,0.414,,,,,,,,,,,,
1431,0.414,,,,,,,,,,,,
1432,0.414,,,,,,,,,,,,
1433,0.414,,,,,,,,,,,,
1434,0.414,,,,,,,,,,,,
1435,0.414,,,,,,,,,,,,
1436,0.414,,,,,,,,,,,,
1437,0.414,,,,,,,,,,,,
1438,0.414,,,,,,,,,,,,
1439,0.415,,,,,,,,,,,,
1440,0.415,,,,,,,,,,,,
1441,0.415,,,,,,,,,,,,
1442,0.415,,,,,,,,,,,,
1443,0.415,,,,,,,,,,,,
1444,0.415,,,,,,,,,,,,
1445,0.415,,,,,,,,,,,,
1446,0.415,,,,,,,,,,,,
1447,0.415,,,,,,,,,,,,
1448,0.415,,,,,,,,,,,,
1449,0.415,,,,,,,,,,,,
1450,0.415,,,,,,,,,,,,
1451,0.415,,,,,,,,,,,,
1452,0.415,,,,,,,,,,,,
1453,0.415,,,,,,,,,,,,
1454,0.428,,,,,,,,,,,,
1455,0.428,,,,,,,,,,,,
1456,0.428,,,,,,,,,,,,
1457,0.428,,,,,,,,,,,,
1458,0.428,,,,,,,,,,,,
1459,0.428,,,,,,,,,,,,
1460,0.428,,,,,,,,,,,,
1461,0.428,,,,,,,,,,,,
1462,0.428,,,,,,,,,,,,
1463,0.428,,,,,,,,,,,,
1464,0.428,,,,,,,,,,,,
1465,0.428,,,,,,,,,,,,
1466,0.428,,,,,,,,,,,,
1467,0.428,,,,,,,,,,,,
1468,0.428,,,,,,,,,,,,
1469,0.426,,,,,,,,,,,,
1470,0.426,,,,,,,,,,,,
1471,0.426,,,,,,,,,,,,
1472,0.426,,,,,,,,,,,,
1473,0.426,,,,,,,,,,,,
1474,0.426,,,,,,,,,,,,
1475,0.426,,,,,,,,,,,,
1476,0.426,,,,,,,,,,,,
1477,0.426,,,,,,,,,,,,
1478,0.426,,,,,,,,,,,,
1479,0.426,,,,,,,,,,,,
1480,0.426,,,,,,,,,,,,
1481,0.426,,,,,,,,,,,,
1482,0.426,,,,,,,,,,,,
1483,0.426,,,,,,,,,,,,
1484,0.439,,,,,,,,,,,,
1485,0.439,,,,,,,,,,,,
1486,0.439,,,,,,,,,,,,
1487,0.439,,,,,,,,,,,,
1488,0.439,,,,,,,,,,,,
1489,0.439,,,,,,,,,,,,
1490,0.439,,,,,,,,,,,,
1491,0.439,,,,,,,,,,,,
1492,0.439,,,,,,,,,,,,
1493,0.439,,,,,,,,,,,,
1494,0.439,,,,,,,,,,,,
1495,0.439,,,,,,,,,,,,
1496,0.439,,,,,,,,,,,,
1497,0.439,,,,,,,,,,,,
1498,0.439,,,,,,,,,,,,
1499,0.428,,,,,,,,,,,,
1500,0.428,,,,,,,,,,,,
1501,0.428,,,,,,,,,,,,
1502,0.428,,,,,,,,,,,,
1503,0.428,,,,,,,,,,,,
1504,0.428,,,,,,,,,,,,
1505,0.428,,,,,,,,,,,,
1506,0.428,,,,,,,,,,,,
1507,0.428,,,,,,,,,,,,
1508,0.428,,,,,,,,,,,,
1509,0.428,,,,,,,,,,,,
1510,0.428,,,,,,,,,,,,
1511,0.428,,,,,,,,,,,,
1512,0.428,,,,,,,,,,,,
1513,0.428,,,,,,,,,,,,
1514,0.438,,,,,,,,,,,,
1515,0.438,,,,,,,,,,,,
1516,0.438,,,,,,,,,,,,
1517,0.438,,,,,,,,,,,,
1518,0.438,,,,,,,,,,,,
1519,0.438,,,,,,,,,,,,
1520,0.438,,,,,,,,,,,,
1521,0.438,,,,,,,,,,,,
1522,0.438,,,,,,,,,,,,
1523,0.438,,,,,,,,,,,,
1524,0.438,,,,,,,,,,,,
1525,0.438,,,,,,,,,,,,
1526,0.438,,,,,,,,,,,,
1527,0.438,,,,,,,,,,,,
1528,0.438,,,,,,,,,,,,
1529,0.433,,,,,,,,,,,,
1530,0.433,,,,,,,,,,,,
1531,0.433,,,,,,,,,,,,
1532,0.433,,,,,,,,,,,,
1533,0.433,,,,,,,,,,,,
1534,0.433,,,,,,,,,,,,
1535,0.433,,,,,,,,,,,,
1536,0.433,,,,,,,,,,,,
1537,0.433,,,,,,,,,,,,
1538,0.433,,,,,,,,,,,,
1539,0.433,,,,,,,,,,,,
1540,0.433,,,,,,,,,,,,
1541,0.433,,,,,,,,,,,,
1542,0.433,,,,,,,,,,,,
1543,0.433,,,,,,,,,,,,
1544,0.448,,,,,,,,,,,,
1545,0.448,,,,,,,,,,,,
1546,0.448,,,,,,,,,,,,
1547,0.448,,,,,,,,,,,,
1548,0.448,,,,,,,,,,,,
1549,0.448,,,,,,,,,,,,
1550,0.448,,,,,,,,,,,,
1551,0.448,,,,,,,,,,,,
1552,0.448,,,,,,,,,,,,
1553,0.448,,,,,,,,,,,,
1554,0.448,,,,,,,,,,,,
1555,0.448,,,,,,,,,,,,
1556,0.448,,,,,,,,,,,,
1557,0.448,,,,,,,,,,,,
1558,0.448,,,,,,,,,,,,
1559,0.449,,,,,,,,,,,,
1560,0.449,,,,,,,,,,,,
1561,0.449,,,,,,,,,,,,
1562,0.449,,,,,,,,,,,,
1563,0.449,,,,,,,,,,,,
1564,0.449,,,,,,,,,,,,
1565,0.449,,,,,,,,,,,,
1566,0.449,,,,,,,,,,,,
1567,0.449,,,,,,,,,,,,
1568,0.449,,,,,,,,,,,,
1569,0.449,,,,,,,,,,,,
1570,0.449,,,,,,,,,,,,
1571,0.449,,,,,,,,,,,,
1572,0.449,,,,,,,,,,,,
1573,0.449,,,,,,,,,,,,
1574,0.438,,,,,,,,,,,,
1575,0.438,,,,,,,,,,,,
1576,0.438,,,,,,,,,,,,
1577,0.438,,,,,,,,,,,,
1578,0.438,,,,,,,,,,,,
1579,0.438,,,,,,,,,,,,
1580,0.438,,,,,,,,,,,,
1581,0.438,,,,,,,,,,,,
1582,0.438,,,,,,,,,,,,
1583,0.438,,,,,,,,,,,,
1584,0.438,,,,,,,,,,,,
1585,0.438,,,,,,,,,,,,
1586,0.438,,,,,,,,,,,,
1587,0.438,,,,,,,,,,,,
1588,0.438,,,,,,,,,,,,
1589,0.46,,,,,,,,,,,,
1590,0.46,,,,,,,,,,,,
1591,0.46,,,,,,,,,,,,
1592,0.46,,,,,,,,,,,,
1593,0.46,,,,,,,,,,,,
1594,0.46,,,,,,,,,,,,
1595,0.46,,,,,,,,,,,,
1596,0.46,,,,,,,,,,,,
1597,0.46,,,,,,,,,,,,
1598,0.46,,,,,,,,,,,,
1599,0.46,,,,,,,,,,,,
1600,0.46,,,,,,,,,,,,
1601,0.46,,,,,,,,,,,,
1602,0.46,,,,,,,,,,,,
1603,0.46,,,,,,,,,,,,
1604,0.455,,,,,,,,,,,,
1605,0.455,,,,,,,,,,,,
1606,0.455,,,,,,,,,,,,
1607,0.455,,,,,,,,,,,,
1608,0.455,,,,,,,,,,,,
1609,0.455,,,,,,,,,,,,
1610,0.455,,,,,,,,,,,,
1611,0.455,,,,,,,,,,,,
1612,0.455,,,,,,,,,,,,
1613,0.455,,,,,,,,,,,,
1614,0.455,,,,,,,,,,,,
1615,0.455,,,,,,,,,,,,
1616,0.455,,,,,,,,,,,,
1617,0.455,,,,,,,,,,,,
1618,0.455,,,,,,,,,,,,
1619,0.459,,,,,,,,,,,,
1620,0.459,,,,,,,,,,,,
1621,0.459,,,,,,,,,,,,
1622,0.459,,,,,,,,,,,,
1623,0.459,,,,,,,,,,,,
1624,0.459,,,,,,,,,,,,
1625,0.459,,,,,,,,,,,,
1626,0.459,,,,,,,,,,,,
1627,0.459,,,,,,,,,,,,
1628,0.459,,,,,,,,,,,,
1629,0.459,,,,,,,,,,,,
1630,0.459,,,,,,,,,,,,
1631,0.459,,,,,,,,,,,,
1632,0.459,,,,,,,,,,,,
1633,0.459,,,,,,,,,,,,
1634,0.467,,,,,,,,,,,,
1635,0.467,,,,,,,,,,,,
1636,0.467,,,,,,,,,,,,
1637,0.467,,,,,,,,,,,,
1638,0.467,,,,,,,,,,,,
1639,0.467,,,,,,,,,,,,
1640,0.467,,,,,,,,,,,,
1641,0.467,,,,,,,,,,,,
1642,0.467,,,,,,,,,,,,
1643,0.467,,,,,,,,,,,,
1644,0.467,,,,,,,,,,,,
1645,0.467,,,,,,,,,,,,
1646,0.467,,,,,,,,,,,,
1647,0.467,,,,,,,,,,,,
1648,0.467,,,,,,,,,,,,
1649,0.461,,,,,,,,,,,,
1650,0.461,,,,,,,,,,,,
1651,0.461,,,,,,,,,,,,
1652,0.461,,,,,,,,,,,,
1653,0.461,,,,,,,,,,,,
1654,0.461,,,,,,,,,,,,
1655,0.461,,,,,,,,,,,,
1656,0.461,,,,,,,,,,,,
1657,0.461,,,,,,,,,,,,
1658,0.461,,,,,,,,,,,,
1659,0.461,,,,,,,,,,,,
1660,0.461,,,,,,,,,,,,
1661,0.461,,,,,,,,,,,,
1662,0.461,,,,,,,,,,,,
1663,0.461,,,,,,,,,,,,
1664,0.464,,,,,,,,,,,,
1665,0.464,,,,,,,,,,,,
1666,0.464,,,,,,,,,,,,
1667,0.464,,,,,,,,,,,,
1668,0.464,,,,,,,,,,,,
1669,0.464,,,,,,,,,,,,
1670,0.464,,,,,,,,,,,,
1671,0.464,,,,,,,,,,,,
1672,0.464,,,,,,,,,,,,
1673,0.464,,,,,,,,,,,,
1674,0.464,,,,,,,,,,,,
1675,0.464,,,,,,,,,,,,
1676,0.464,,,,,,,,,,,,
1677,0.464,,,,,,,,,,,,
1678,0.464,,,,,,,,,,,,
1679,0.466,,,,,,,,,,,,
1680,0.466,,,,,,,,,,,,
1681,0.466,,,,,,,,,,,,
1682,0.466,,,,,,,,,,,,
1683,0.466,,,,,,,,,,,,
1684,0.466,,,,,,,,,,,,
1685,0.466,,,,,,,,,,,,
1686,0.466,,,,,,,,,,,,
1687,0.466,,,,,,,,,,,,
1688,0.466,,,,,,,,,,,,
1689,0.466,,,,,,,,,,,,
1690,0.466,,,,,,,,,,,,
1691,0.466,,,,,,,,,,,,
1692,0.466,,,,,,,,,,,,
1693,0.466,,,,,,,,,,,,
1694,0.465,,,,,,,,,,,,
1695,0.465,,,,,,,,,,,,
1696,0.465,,,,,,,,,,,,
1697,0.465,,,,,,,,,,,,
1698,0.465,,,,,,,,,,,,
1699,0.465,,,,,,,,,,,,
1700,0.465,,,,,,,,,,,,
1701,0.465,,,,,,,,,,,,
1702,0.465,,,,,,,,,,,,
1703,0.465,,,,,,,,,,,,
1704,0.465,,,,,,,,,,,,
1705,0.465,,,,,,,,,,,,
1706,0.465,,,,,,,,,,,,
1707,0.465,,,,,,,,,,,,
1708,0.465,,,,,,,,,,,,
1709,0.477,,,,,,,,,,,,
1710,0.477,,,,,,,,,,,,
1711,0.477,,,,,,,,,,,,
1712,0.477,,,,,,,,,,,,
1713,0.477,,,,,,,,,,,,
1714,0.477,,,,,,,,,,,,
1715,0.477,,,,,,,,,,,,
1716,0.477,,,,,,,,,,,,
1717,0.477,,,,,,,,,,,,
1718,0.477,,,,,,,,,,,,
1719,0.477,,,,,,,,,,,,
1720,0.477,,,,,,,,,,,,
1721,0.477,,,,,,,,,,,,
1722,0.477,,,,,,,,,,,,
1723,0.477,,,,,,,,,,,,
1724,0.479,,,,,,,,,,,,
1725,0.479,,,,,,,,,,,,
1726,0.479,,,,,,,,,,,,
1727,0.479,,,,,,,,,,,,
1728,0.479,,,,,,,,,,,,
1729,0.479,,,,,,,,,,,,
1730,0.479,,,,,,,,,,,,
1731,0.479,,,,,,,,,,,,
1732,0.479,,,,,,,,,,,,
1733,0.479,,,,,,,,,,,,
1734,0.479,,,,,,,,,,,,
1735,0.479,,,,,,,,,,,,
1736,0.479,,,,,,,,,,,,
1737,0.479,,,,,,,,,,,,
1738,0.479,,,,,,,,,,,,
1739,0.477,,,,,,,,,,,,
1740,0.477,,,,,,,,,,,,
1741,0.477,,,,,,,,,,,,
1742,0.477,,,,,,,,,,,,
1743,0.477,,,,,,,,,,,,
1744,0.477,,,,,,,,,,,,
1745,0.477,,,,,,,,,,,,
1746,0.477,,,,,,,,,,,,
1747,0.477,,,,,,,,,,,,
1748,0.477,,,,,,,,,,,,
1749,0.477,,,,,,,,,,,,
1750,0.477,,,,,,,,,,,,
1751,0.477,,,,,,,,,,,,
1752,0.477,,,,,,,,,,,,
1753,0.477,,,,,,,,,,,,
1754,0.478,,,,,,,,,,,,
1755,0.478,,,,,,,,,,,,
1756,0.478,,,,,,,,,,,,
1757,0.478,,,,,,,,,,,,
1758,0.478,,,,,,,,,,,,
1759,0.478,,,,,,,,,,,,
1760,0.478,,,,,,,,,,,,
1761,0.478,,,,,,,,,,,,
1762,0.478,,,,,,,,,,,,
1763,0.478,,,,,,,,,,,,
1764,0.478,,,,,,,,,,,,
1765,0.478,,,,,,,,,,,,
1766,0.478,,,,,,,,,,,,
1767,0.478,,,,,,,,,,,,
1768,0.478,,,,,,,,,,,,
1769,0.473,,,,,,,,,,,,
1770,0.473,,,,,,,,,,,,
1771,0.473,,,,,,,,,,,,
1772,0.473,,,,,,,,,,,,
1773,0.473,,,,,,,,,,,,
1774,0.473,,,,,,,,,,,,
1775,0.473,,,,,,,,,,,,
1776,0.473,,,,,,,,,,,,
1777,0.473,,,,,,,,,,,,
1778,0.473,,,,,,,,,,,,
1779,0.473,,,,,,,,,,,,
1780,0.473,,,,,,,,,,,,
1781,0.473,,,,,,,,,,,,
1782,0.473,,,,,,,,,,,,
1783,0.473,,,,,,,,,,,,
1784,0.486,,,,,,,,,,,,
1785,0.486,,,,,,,,,,,,
1786,0.486,,,,,,,,,,,,
1787,0.486,,,,,,,,,,,,
1788,0.486,,,,,,,,,,,,
1789,0.486,,,,,,,,,,,,
1790,0.486,,,,,,,,,,,,
1791,0.486,,,,,,,,,,,,
1792,0.486,,,,,,,,,,,,
1793,0.486,,,,,,,,,,,,
1794,0.486,,,,,,,,,,,,
1795,0.486,,,,,,,,,,,,
1796,0.486,,,,,,,,,,,,
1797,0.486,,,,,,,,,,,,
1798,0.486,,,,,,,,,,,,
1799,0.483,,,,,,,,,,,,
1800,0.483,,,,,,,,,,,,
1801,0.483,,,,,,,,,,,,
1802,0.483,,,,,,,,,,,,
1803,0.483,,,,,,,,,,,,
1804,0.483,,,,,,,,,,,,
1805,0.483,,,,,,,,,,,,
1806,0.483,,,,,,,,,,,,
1807,0.483,,,,,,,,,,,,
1808,0.483,,,,,,,,,,,,
1809,0.483,,,,,,,,,,,,
1810,0.483,,,,,,,,,,,,
1811,0.483,,,,,,,,,,,,
1812,0.483,,,,,,,,,,,,
1813,0.483,,,,,,,,,,,,
1814,0.5,,,,,,,,,,,,
